Student_ID,Sem1,Sem2,Sem3,Average_marks,Total_marks,Growth_Percentage
S1,66,97,55,72.66666666666667,218,-16.666666666666664
S2,53,70,63,62.0,186,18.867924528301888
S3,92,49,75,72.0,216,-18.478260869565215
S4,56,72,84,70.66666666666667,212,50.0
S5,57,58,98,71.0,213,71.9298245614035
S6,83,55,78,72.0,216,-6.024096385542169
S7,87,51,95,77.66666666666667,233,9.195402298850574
S8,45,93,95,77.66666666666667,233,111.11111111111111
S9,52,59,55,55.333333333333336,166,5.769230769230769
S10,89,93,67,83.0,249,-24.719101123595504
S11,54,80,66,66.66666666666667,200,22.22222222222222
S12,52,54,96,67.33333333333333,202,84.61538461538461
S13,83,82,97,87.33333333333333,262,16.867469879518072
S14,48,87,92,75.66666666666667,227,91.66666666666666
S15,47,97,60,68.0,204,27.659574468085108
S16,88,57,94,79.66666666666667,239,6.8181818181818175
S17,87,87,64,79.33333333333333,238,-26.436781609195403
S18,52,77,84,71.0,213,61.53846153846154
S19,62,64,92,72.66666666666667,218,48.38709677419355
S20,46,79,66,63.666666666666664,191,43.47826086956522
S21,57,51,62,56.666666666666664,170,8.771929824561402
S22,75,85,74,78.0,234,-1.3333333333333335
S23,77,74,78,76.33333333333333,229,1.2987012987012987
S24,76,90,57,74.33333333333333,223,-25.0
S25,90,50,74,71.33333333333333,214,-17.77777777777778
S26,77,48,76,67.0,201,-1.2987012987012987
S27,68,90,64,74.0,222,-5.88235294117647
S28,66,63,71,66.66666666666667,200,7.575757575757576
S29,60,74,92,75.33333333333333,226,53.333333333333336
S30,88,48,91,75.66666666666667,227,3.4090909090909087
S31,87,60,58,68.33333333333333,205,-33.33333333333333
S32,62,75,97,78.0,234,56.451612903225815
S33,85,48,74,69.0,207,-12.941176470588237
S34,48,92,57,65.66666666666667,197,18.75
S35,51,52,78,60.333333333333336,181,52.94117647058824
S36,88,88,75,83.66666666666667,251,-14.772727272727273
S37,80,76,93,83.0,249,16.25
S38,87,84,82,84.33333333333333,253,-5.747126436781609
S39,86,58,70,71.33333333333333,214,-18.6046511627907
S40,64,93,93,83.33333333333333,250,45.3125
S41,52,50,94,65.33333333333333,196,80.76923076923077
S42,68,67,82,72.33333333333333,217,20.588235294117645
S43,84,51,73,69.33333333333333,208,-13.095238095238097
S44,69,89,85,81.0,243,23.18840579710145
S45,83,64,89,78.66666666666667,236,7.228915662650602
S46,64,65,50,59.666666666666664,179,-21.875
S47,48,77,92,72.33333333333333,217,91.66666666666666
S48,69,58,61,62.666666666666664,188,-11.594202898550725
S49,84,61,84,76.33333333333333,229,0.0
S50,86,50,92,76.0,228,6.976744186046512
S51,74,89,55,72.66666666666667,218,-25.675675675675674
S52,72,85,89,82.0,246,23.61111111111111
S53,88,49,67,68.0,204,-23.863636363636363
S54,48,54,69,57.0,171,43.75
S55,77,58,53,62.666666666666664,188,-31.16883116883117
S56,80,74,92,82.0,246,15.0
S57,66,72,91,76.33333333333333,229,37.878787878787875
S58,94,87,89,90.0,270,-5.319148936170213
S59,65,61,60,62.0,186,-7.6923076923076925
S60,65,57,95,72.33333333333333,217,46.15384615384615
S61,58,96,61,71.66666666666667,215,5.172413793103448
S62,55,56,80,63.666666666666664,191,45.45454545454545
S63,59,88,77,74.66666666666667,224,30.508474576271187
S64,53,76,83,70.66666666666667,212,56.60377358490566
S65,72,52,91,71.66666666666667,215,26.38888888888889
S66,85,79,82,82.0,246,-3.5294117647058822
S67,60,49,77,62.0,186,28.333333333333332
S68,95,72,77,81.33333333333333,244,-18.947368421052634
S69,62,62,75,66.33333333333333,199,20.967741935483872
S70,77,72,89,79.33333333333333,238,15.584415584415584
S71,48,83,74,68.33333333333333,205,54.166666666666664
S72,73,79,55,69.0,207,-24.65753424657534
S73,85,69,52,68.66666666666667,206,-38.82352941176471
S74,72,90,85,82.33333333333333,247,18.055555555555554
S75,58,68,70,65.33333333333333,196,20.689655172413794
S76,87,69,98,84.66666666666667,254,12.643678160919542
S77,91,97,84,90.66666666666667,272,-7.6923076923076925
S78,53,91,61,68.33333333333333,205,15.09433962264151
S79,79,63,85,75.66666666666667,227,7.59493670886076
S80,89,70,84,81.0,243,-5.617977528089887
S81,60,88,95,81.0,243,58.333333333333336
S82,45,76,85,68.66666666666667,206,88.88888888888889
S83,52,82,68,67.33333333333333,202,30.76923076923077
S84,67,49,83,66.33333333333333,199,23.88059701492537
S85,75,73,68,72.0,216,-9.333333333333334
S86,88,86,94,89.33333333333333,268,6.8181818181818175
S87,68,75,98,80.33333333333333,241,44.11764705882353
S88,53,65,61,59.666666666666664,179,15.09433962264151
S89,54,82,80,72.0,216,48.148148148148145
S90,75,59,51,61.666666666666664,185,-32.0
S91,70,75,74,73.0,219,5.714285714285714
S92,93,50,61,68.0,204,-34.40860215053764
S93,77,72,52,67.0,201,-32.467532467532465
S94,94,88,52,78.0,234,-44.680851063829785
S95,81,51,72,68.0,204,-11.11111111111111
S96,53,83,76,70.66666666666667,212,43.39622641509434
S97,52,86,52,63.333333333333336,190,0.0
S98,77,91,58,75.33333333333333,226,-24.675324675324674
S99,95,48,67,70.0,210,-29.47368421052631
S100,95,77,70,80.66666666666667,242,-26.31578947368421
S101,82,88,62,77.33333333333333,232,-24.390243902439025
S102,65,77,57,66.33333333333333,199,-12.307692307692308
S103,68,81,75,74.66666666666667,224,10.294117647058822
S104,62,50,99,70.33333333333333,211,59.67741935483871
S105,53,87,63,67.66666666666667,203,18.867924528301888
S106,89,49,61,66.33333333333333,199,-31.46067415730337
S107,89,74,80,81.0,243,-10.112359550561797
S108,74,83,91,82.66666666666667,248,22.972972972972975
S109,87,60,98,81.66666666666667,245,12.643678160919542
S110,83,53,91,75.66666666666667,227,9.63855421686747
S111,56,52,64,57.333333333333336,172,14.285714285714285
S112,60,95,91,82.0,246,51.66666666666667
S113,60,78,65,67.66666666666667,203,8.333333333333332
S114,57,96,62,71.66666666666667,215,8.771929824561402
S115,47,59,50,52.0,156,6.382978723404255
S116,76,54,81,70.33333333333333,211,6.578947368421052
S117,95,58,98,83.66666666666667,251,3.1578947368421053
S118,70,50,65,61.666666666666664,185,-7.142857142857142
S119,95,54,85,78.0,234,-10.526315789473683
S120,85,61,71,72.33333333333333,217,-16.470588235294116
S121,66,89,69,74.66666666666667,224,4.545454545454546
S122,57,76,99,77.33333333333333,232,73.68421052631578
S123,94,52,95,80.33333333333333,241,1.0638297872340425
S124,85,54,86,75.0,225,1.1764705882352942
S125,56,77,89,74.0,222,58.92857142857143
S126,70,63,56,63.0,189,-20.0
S127,58,92,86,78.66666666666667,236,48.275862068965516
S128,91,69,64,74.66666666666667,224,-29.67032967032967
S129,47,96,53,65.33333333333333,196,12.76595744680851
S130,75,76,60,70.33333333333333,211,-20.0
S131,72,95,89,85.33333333333333,256,23.61111111111111
S132,57,82,97,78.66666666666667,236,70.17543859649122
S133,67,71,68,68.66666666666667,206,1.4925373134328357
S134,87,61,93,80.33333333333333,241,6.896551724137931
S135,93,80,55,76.0,228,-40.86021505376344
S136,54,91,87,77.33333333333333,232,61.111111111111114
S137,72,78,92,80.66666666666667,242,27.77777777777778
S138,77,81,75,77.66666666666667,233,-2.5974025974025974
S139,82,68,67,72.33333333333333,217,-18.29268292682927
S140,67,83,89,79.66666666666667,239,32.83582089552239
S141,95,85,85,88.33333333333333,265,-10.526315789473683
S142,91,58,98,82.33333333333333,247,7.6923076923076925
S143,94,53,99,82.0,246,5.319148936170213
S144,84,80,71,78.33333333333333,235,-15.476190476190476
S145,90,50,72,70.66666666666667,212,-20.0
S146,66,80,59,68.33333333333333,205,-10.606060606060606
S147,64,76,83,74.33333333333333,223,29.6875
S148,54,87,85,75.33333333333333,226,57.407407407407405
S149,79,63,59,67.0,201,-25.31645569620253
S150,66,92,95,84.33333333333333,253,43.93939393939394
S151,93,77,72,80.66666666666667,242,-22.58064516129032
S152,87,51,70,69.33333333333333,208,-19.54022988505747
S153,78,85,89,84.0,252,14.102564102564102
S154,75,88,55,72.66666666666667,218,-26.666666666666668
S155,68,90,52,70.0,210,-23.52941176470588
S156,91,54,94,79.66666666666667,239,3.296703296703297
S157,53,61,62,58.666666666666664,176,16.9811320754717
S158,92,72,89,84.33333333333333,253,-3.260869565217391
S159,92,66,64,74.0,222,-30.434782608695656
S160,69,71,56,65.33333333333333,196,-18.84057971014493
S161,90,50,86,75.33333333333333,226,-4.444444444444445
S162,63,86,52,67.0,201,-17.46031746031746
S163,63,55,65,61.0,183,3.1746031746031744
S164,86,77,59,74.0,222,-31.3953488372093
S165,76,76,60,70.66666666666667,212,-21.052631578947366
S166,47,92,93,77.33333333333333,232,97.87234042553192
S167,89,91,96,92.0,276,7.865168539325842
S168,67,93,87,82.33333333333333,247,29.850746268656714
S169,92,58,65,71.66666666666667,215,-29.347826086956523
S170,52,82,58,64.0,192,11.538461538461538
S171,57,90,61,69.33333333333333,208,7.017543859649122
S172,59,96,55,70.0,210,-6.779661016949152
S173,58,55,50,54.333333333333336,163,-13.793103448275861
S174,47,67,85,66.33333333333333,199,80.85106382978722
S175,92,78,96,88.66666666666667,266,4.3478260869565215
S176,82,93,58,77.66666666666667,233,-29.268292682926827
S177,93,82,75,83.33333333333333,250,-19.35483870967742
S178,82,88,84,84.66666666666667,254,2.4390243902439024
S179,80,48,77,68.33333333333333,205,-3.75
S180,95,71,77,81.0,243,-18.947368421052634
S181,83,70,52,68.33333333333333,205,-37.34939759036144
S182,61,79,72,70.66666666666667,212,18.0327868852459
S183,54,64,71,63.0,189,31.48148148148148
S184,82,56,73,70.33333333333333,211,-10.975609756097562
S185,45,51,58,51.333333333333336,154,28.888888888888886
S186,57,71,76,68.0,204,33.33333333333333
S187,64,51,93,69.33333333333333,208,45.3125
S188,76,83,72,77.0,231,-5.263157894736842
S189,91,74,74,79.66666666666667,239,-18.681318681318682
S190,70,78,79,75.66666666666667,227,12.857142857142856
S191,94,83,60,79.0,237,-36.17021276595745
S192,76,86,83,81.66666666666667,245,9.210526315789473
S193,75,77,59,70.33333333333333,211,-21.333333333333336
S194,84,72,87,81.0,243,3.571428571428571
S195,87,68,95,83.33333333333333,250,9.195402298850574
S196,88,48,93,76.33333333333333,229,5.681818181818182
S197,60,71,72,67.66666666666667,203,20.0
S198,82,95,99,92.0,276,20.73170731707317
S199,76,55,81,70.66666666666667,212,6.578947368421052
S200,63,95,89,82.33333333333333,247,41.269841269841265
S201,83,63,96,80.66666666666667,242,15.66265060240964
S202,45,97,61,67.66666666666667,203,35.55555555555556
S203,61,74,50,61.666666666666664,185,-18.0327868852459
S204,61,56,89,68.66666666666667,206,45.90163934426229
S205,86,54,67,69.0,207,-22.093023255813954
S206,85,88,57,76.66666666666667,230,-32.94117647058823
S207,55,65,89,69.66666666666667,209,61.81818181818181
S208,48,85,51,61.333333333333336,184,6.25
S209,53,78,75,68.66666666666667,206,41.509433962264154
S210,68,73,66,69.0,207,-2.941176470588235
S211,63,78,68,69.66666666666667,209,7.936507936507936
S212,95,49,70,71.33333333333333,214,-26.31578947368421
S213,67,65,91,74.33333333333333,223,35.82089552238806
S214,54,77,69,66.66666666666667,200,27.77777777777778
S215,89,72,59,73.33333333333333,220,-33.70786516853933
S216,84,76,93,84.33333333333333,253,10.714285714285714
S217,76,80,59,71.66666666666667,215,-22.36842105263158
S218,61,48,69,59.333333333333336,178,13.114754098360656
S219,90,81,91,87.33333333333333,262,1.1111111111111112
S220,73,96,75,81.33333333333333,244,2.73972602739726
S221,60,93,56,69.66666666666667,209,-6.666666666666667
S222,93,64,52,69.66666666666667,209,-44.086021505376344
S223,81,73,63,72.33333333333333,217,-22.22222222222222
S224,94,90,78,87.33333333333333,262,-17.02127659574468
S225,65,65,63,64.33333333333333,193,-3.076923076923077
S226,61,71,89,73.66666666666667,221,45.90163934426229
S227,53,62,83,66.0,198,56.60377358490566
S228,65,62,51,59.333333333333336,178,-21.53846153846154
S229,69,66,74,69.66666666666667,209,7.246376811594203
S230,83,84,65,77.33333333333333,232,-21.686746987951807
S231,59,56,53,56.0,168,-10.16949152542373
S232,89,94,90,91.0,273,1.1235955056179776
S233,91,93,95,93.0,279,4.395604395604396
S234,71,59,62,64.0,192,-12.676056338028168
S235,94,77,70,80.33333333333333,241,-25.53191489361702
S236,79,80,88,82.33333333333333,247,11.39240506329114
S237,65,51,64,60.0,180,-1.5384615384615385
S238,86,67,83,78.66666666666667,236,-3.488372093023256
S239,70,50,50,56.666666666666664,170,-28.57142857142857
S240,59,62,85,68.66666666666667,206,44.06779661016949
S241,48,80,96,74.66666666666667,224,100.0
S242,83,95,74,84.0,252,-10.843373493975903
S243,61,97,92,83.33333333333333,250,50.81967213114754
S244,80,89,70,79.66666666666667,239,-12.5
S245,88,54,89,77.0,231,1.1363636363636365
S246,88,71,69,76.0,228,-21.59090909090909
S247,83,86,64,77.66666666666667,233,-22.89156626506024
S248,74,53,72,66.33333333333333,199,-2.7027027027027026
S249,80,57,89,75.33333333333333,226,11.25
S250,57,64,91,70.66666666666667,212,59.64912280701754
S251,73,65,68,68.66666666666667,206,-6.8493150684931505
S252,49,88,99,78.66666666666667,236,102.04081632653062
S253,82,88,74,81.33333333333333,244,-9.75609756097561
S254,72,82,74,76.0,228,2.7777777777777777
S255,81,94,89,88.0,264,9.876543209876543
S256,53,72,64,63.0,189,20.754716981132077
S257,67,81,72,73.33333333333333,220,7.462686567164178
S258,66,67,63,65.33333333333333,196,-4.545454545454546
S259,47,49,71,55.666666666666664,167,51.06382978723404
S260,54,82,51,62.333333333333336,187,-5.555555555555555
S261,91,78,61,76.66666666666667,230,-32.967032967032964
S262,66,58,79,67.66666666666667,203,19.696969696969695
S263,84,73,99,85.33333333333333,256,17.857142857142858
S264,89,73,75,79.0,237,-15.730337078651685
S265,53,81,99,77.66666666666667,233,86.79245283018868
S266,80,58,74,70.66666666666667,212,-7.5
S267,50,58,73,60.333333333333336,181,46.0
S268,83,97,70,83.33333333333333,250,-15.66265060240964
S269,48,97,87,77.33333333333333,232,81.25
S270,79,59,82,73.33333333333333,220,3.79746835443038
S271,89,71,75,78.33333333333333,235,-15.730337078651685
S272,86,49,60,65.0,195,-30.23255813953488
S273,82,56,55,64.33333333333333,193,-32.926829268292686
S274,62,68,87,72.33333333333333,217,40.32258064516129
S275,55,87,85,75.66666666666667,227,54.54545454545454
S276,56,71,79,68.66666666666667,206,41.07142857142857
S277,70,95,94,86.33333333333333,259,34.285714285714285
S278,75,74,87,78.66666666666667,236,16.0
S279,49,52,73,58.0,174,48.97959183673469
S280,83,74,65,74.0,222,-21.686746987951807
S281,55,88,82,75.0,225,49.09090909090909
S282,52,64,83,66.33333333333333,199,59.61538461538461
S283,60,85,62,69.0,207,3.3333333333333335
S284,87,95,73,85.0,255,-16.091954022988507
S285,69,54,77,66.66666666666667,200,11.594202898550725
S286,67,76,64,69.0,207,-4.477611940298507
S287,92,79,95,88.66666666666667,266,3.260869565217391
S288,93,48,60,67.0,201,-35.483870967741936
S289,72,77,86,78.33333333333333,235,19.444444444444446
S290,78,64,96,79.33333333333333,238,23.076923076923077
S291,56,77,56,63.0,189,0.0
S292,88,74,97,86.33333333333333,259,10.227272727272728
S293,78,70,64,70.66666666666667,212,-17.94871794871795
S294,45,49,56,50.0,150,24.444444444444443
S295,51,53,73,59.0,177,43.13725490196079
S296,75,75,93,81.0,243,24.0
S297,63,49,75,62.333333333333336,187,19.047619047619047
S298,63,54,92,69.66666666666667,209,46.03174603174603
S299,63,86,54,67.66666666666667,203,-14.285714285714285
S300,88,82,59,76.33333333333333,229,-32.95454545454545
S301,65,95,75,78.33333333333333,235,15.384615384615385
S302,75,62,70,69.0,207,-6.666666666666667
S303,89,72,84,81.66666666666667,245,-5.617977528089887
S304,58,84,97,79.66666666666667,239,67.24137931034483
S305,50,64,61,58.333333333333336,175,22.0
S306,91,63,70,74.66666666666667,224,-23.076923076923077
S307,48,96,82,75.33333333333333,226,70.83333333333334
S308,51,78,83,70.66666666666667,212,62.745098039215684
S309,80,91,67,79.33333333333333,238,-16.25
S310,91,54,94,79.66666666666667,239,3.296703296703297
S311,65,94,65,74.66666666666667,224,0.0
S312,48,96,93,79.0,237,93.75
S313,78,85,73,78.66666666666667,236,-6.41025641025641
S314,62,75,75,70.66666666666667,212,20.967741935483872
S315,64,83,86,77.66666666666667,233,34.375
S316,62,66,75,67.66666666666667,203,20.967741935483872
S317,46,68,66,60.0,180,43.47826086956522
S318,87,51,62,66.66666666666667,200,-28.735632183908045
S319,76,50,68,64.66666666666667,194,-10.526315789473683
S320,58,63,62,61.0,183,6.896551724137931
S321,83,50,52,61.666666666666664,185,-37.34939759036144
S322,57,59,85,67.0,201,49.122807017543856
S323,85,85,73,81.0,243,-14.117647058823529
S324,57,58,59,58.0,174,3.508771929824561
S325,73,68,80,73.66666666666667,221,9.58904109589041
S326,66,80,88,78.0,234,33.33333333333333
S327,74,48,94,72.0,216,27.027027027027028
S328,87,64,84,78.33333333333333,235,-3.4482758620689653
S329,45,73,50,56.0,168,11.11111111111111
S330,81,57,51,63.0,189,-37.03703703703704
S331,86,84,81,83.66666666666667,251,-5.813953488372093
S332,76,62,95,77.66666666666667,233,25.0
S333,73,73,98,81.33333333333333,244,34.24657534246575
S334,47,88,95,76.66666666666667,230,102.12765957446808
S335,92,62,76,76.66666666666667,230,-17.391304347826086
S336,83,76,87,82.0,246,4.819277108433735
S337,69,95,91,85.0,255,31.88405797101449
S338,58,52,88,66.0,198,51.724137931034484
S339,59,77,64,66.66666666666667,200,8.47457627118644
S340,81,53,72,68.66666666666667,206,-11.11111111111111
S341,76,90,57,74.33333333333333,223,-25.0
S342,65,48,69,60.666666666666664,182,6.153846153846154
S343,76,95,63,78.0,234,-17.105263157894736
S344,49,81,59,63.0,189,20.408163265306122
S345,49,65,88,67.33333333333333,202,79.59183673469387
S346,80,49,53,60.666666666666664,182,-33.75
S347,68,97,68,77.66666666666667,233,0.0
S348,81,86,53,73.33333333333333,220,-34.5679012345679
S349,64,74,93,77.0,231,45.3125
S350,51,89,93,77.66666666666667,233,82.35294117647058
S351,90,64,78,77.33333333333333,232,-13.333333333333334
S352,60,97,51,69.33333333333333,208,-15.0
S353,45,67,96,69.33333333333333,208,113.33333333333333
S354,77,60,78,71.66666666666667,215,1.2987012987012987
S355,83,53,66,67.33333333333333,202,-20.481927710843372
S356,73,96,56,75.0,225,-23.28767123287671
S357,53,85,78,72.0,216,47.16981132075472
S358,71,88,67,75.33333333333333,226,-5.633802816901409
S359,87,72,65,74.66666666666667,224,-25.287356321839084
S360,62,63,78,67.66666666666667,203,25.806451612903224
S361,47,58,94,66.33333333333333,199,100.0
S362,82,71,75,76.0,228,-8.536585365853659
S363,51,79,69,66.33333333333333,199,35.294117647058826
S364,80,81,67,76.0,228,-16.25
S365,83,80,86,83.0,249,3.614457831325301
S366,59,76,73,69.33333333333333,208,23.728813559322035
S367,56,48,59,54.333333333333336,163,5.357142857142857
S368,54,55,63,57.333333333333336,172,16.666666666666664
S369,89,66,86,80.33333333333333,241,-3.3707865168539324
S370,45,52,87,61.333333333333336,184,93.33333333333333
S371,85,70,54,69.66666666666667,209,-36.470588235294116
S372,52,76,51,59.666666666666664,179,-1.9230769230769231
S373,48,64,71,61.0,183,47.91666666666667
S374,51,57,79,62.333333333333336,187,54.90196078431373
S375,65,68,80,71.0,213,23.076923076923077
S376,69,62,86,72.33333333333333,217,24.637681159420293
S377,60,88,85,77.66666666666667,233,41.66666666666667
S378,79,57,84,73.33333333333333,220,6.329113924050633
S379,54,63,82,66.33333333333333,199,51.85185185185185
S380,90,92,57,79.66666666666667,239,-36.666666666666664
S381,83,83,99,88.33333333333333,265,19.27710843373494
S382,58,86,77,73.66666666666667,221,32.758620689655174
S383,59,82,75,72.0,216,27.11864406779661
S384,66,73,71,70.0,210,7.575757575757576
S385,48,56,69,57.666666666666664,173,43.75
S386,64,53,61,59.333333333333336,178,-4.6875
S387,62,56,60,59.333333333333336,178,-3.225806451612903
S388,84,73,73,76.66666666666667,230,-13.095238095238097
S389,56,64,75,65.0,195,33.92857142857143
S390,71,63,97,77.0,231,36.61971830985916
S391,82,57,92,77.0,231,12.195121951219512
S392,90,83,88,87.0,261,-2.2222222222222223
S393,83,54,94,77.0,231,13.253012048192772
S394,88,67,88,81.0,243,0.0
S395,92,72,99,87.66666666666667,263,7.608695652173914
S396,91,69,69,76.33333333333333,229,-24.175824175824175
S397,67,66,72,68.33333333333333,205,7.462686567164178
S398,83,86,82,83.66666666666667,251,-1.2048192771084338
S399,79,82,62,74.33333333333333,223,-21.518987341772153
S400,53,83,96,77.33333333333333,232,81.13207547169812
S401,92,75,50,72.33333333333333,217,-45.65217391304348
S402,53,96,74,74.33333333333333,223,39.62264150943396
S403,93,95,60,82.66666666666667,248,-35.483870967741936
S404,46,56,59,53.666666666666664,161,28.26086956521739
S405,65,65,63,64.33333333333333,193,-3.076923076923077
S406,86,82,76,81.33333333333333,244,-11.627906976744185
S407,95,60,61,72.0,216,-35.78947368421053
S408,64,82,63,69.66666666666667,209,-1.5625
S409,54,71,68,64.33333333333333,193,25.925925925925924
S410,74,79,85,79.33333333333333,238,14.864864864864865
S411,85,62,69,72.0,216,-18.823529411764707
S412,90,86,57,77.66666666666667,233,-36.666666666666664
S413,79,77,80,78.66666666666667,236,1.2658227848101267
S414,91,48,90,76.33333333333333,229,-1.098901098901099
S415,86,59,64,69.66666666666667,209,-25.581395348837212
S416,65,56,52,57.666666666666664,173,-20.0
S417,58,54,72,61.333333333333336,184,24.137931034482758
S418,66,85,96,82.33333333333333,247,45.45454545454545
S419,68,50,58,58.666666666666664,176,-14.705882352941178
S420,80,49,87,72.0,216,8.75
S421,70,91,52,71.0,213,-25.71428571428571
S422,53,58,98,69.66666666666667,209,84.90566037735849
S423,82,81,51,71.33333333333333,214,-37.80487804878049
S424,82,77,75,78.0,234,-8.536585365853659
S425,86,72,98,85.33333333333333,256,13.953488372093023
S426,58,96,57,70.33333333333333,211,-1.7241379310344827
S427,59,97,60,72.0,216,1.694915254237288
S428,73,57,84,71.33333333333333,214,15.068493150684931
S429,57,70,55,60.666666666666664,182,-3.508771929824561
S430,69,85,88,80.66666666666667,242,27.536231884057973
S431,46,90,54,63.333333333333336,190,17.391304347826086
S432,57,76,58,63.666666666666664,191,1.7543859649122806
S433,56,88,60,68.0,204,7.142857142857142
S434,50,74,80,68.0,204,60.0
S435,49,57,97,67.66666666666667,203,97.95918367346938
S436,53,82,82,72.33333333333333,217,54.71698113207547
S437,69,66,59,64.66666666666667,194,-14.492753623188406
S438,77,89,73,79.66666666666667,239,-5.194805194805195
S439,79,80,81,80.0,240,2.5316455696202533
S440,60,48,52,53.333333333333336,160,-13.333333333333334
S441,73,66,84,74.33333333333333,223,15.068493150684931
S442,51,57,53,53.666666666666664,161,3.9215686274509802
S443,90,76,68,78.0,234,-24.444444444444443
S444,53,63,81,65.66666666666667,197,52.83018867924528
S445,94,70,84,82.66666666666667,248,-10.638297872340425
S446,57,58,75,63.333333333333336,190,31.57894736842105
S447,95,50,87,77.33333333333333,232,-8.421052631578947
S448,64,72,90,75.33333333333333,226,40.625
S449,65,86,54,68.33333333333333,205,-16.923076923076923
S450,55,94,84,77.66666666666667,233,52.72727272727272
S451,46,74,84,68.0,204,82.6086956521739
S452,57,66,89,70.66666666666667,212,56.14035087719298
S453,92,63,91,82.0,246,-1.0869565217391304
S454,52,76,71,66.33333333333333,199,36.53846153846153
S455,91,74,92,85.66666666666667,257,1.098901098901099
S456,69,95,70,78.0,234,1.4492753623188406
S457,93,60,51,68.0,204,-45.16129032258064
S458,60,64,66,63.333333333333336,190,10.0
S459,46,56,89,63.666666666666664,191,93.47826086956522
S460,87,70,70,75.66666666666667,227,-19.54022988505747
S461,84,77,68,76.33333333333333,229,-19.047619047619047
S462,66,97,81,81.33333333333333,244,22.727272727272727
S463,86,94,61,80.33333333333333,241,-29.069767441860467
S464,68,84,96,82.66666666666667,248,41.17647058823529
S465,62,70,95,75.66666666666667,227,53.2258064516129
S466,90,84,90,88.0,264,0.0
S467,74,84,66,74.66666666666667,224,-10.81081081081081
S468,52,61,67,60.0,180,28.846153846153843
S469,72,85,62,73.0,219,-13.88888888888889
S470,54,62,59,58.333333333333336,175,9.25925925925926
S471,47,57,91,65.0,195,93.61702127659575
S472,73,83,75,77.0,231,2.73972602739726
S473,53,58,97,69.33333333333333,208,83.01886792452831
S474,91,56,83,76.66666666666667,230,-8.791208791208792
S475,91,72,59,74.0,222,-35.16483516483517
S476,89,72,59,73.33333333333333,220,-33.70786516853933
S477,50,59,61,56.666666666666664,170,22.0
S478,63,92,88,81.0,243,39.682539682539684
S479,84,92,51,75.66666666666667,227,-39.285714285714285
S480,89,61,88,79.33333333333333,238,-1.1235955056179776
S481,68,92,99,86.33333333333333,259,45.588235294117645
S482,66,76,92,78.0,234,39.39393939393939
S483,74,85,89,82.66666666666667,248,20.27027027027027
S484,58,78,77,71.0,213,32.758620689655174
S485,76,63,68,69.0,207,-10.526315789473683
S486,51,60,79,63.333333333333336,190,54.90196078431373
S487,77,76,52,68.33333333333333,205,-32.467532467532465
S488,93,67,55,71.66666666666667,215,-40.86021505376344
S489,60,95,91,82.0,246,51.66666666666667
S490,45,76,78,66.33333333333333,199,73.33333333333333
S491,54,81,63,66.0,198,16.666666666666664
S492,48,97,70,71.66666666666667,215,45.83333333333333
S493,50,58,76,61.333333333333336,184,52.0
S494,76,61,57,64.66666666666667,194,-25.0
S495,52,87,86,75.0,225,65.38461538461539
S496,94,62,63,73.0,219,-32.97872340425532
S497,90,66,81,79.0,237,-10.0
S498,46,91,56,64.33333333333333,193,21.73913043478261
S499,70,77,74,73.66666666666667,221,5.714285714285714
S500,86,62,85,77.66666666666667,233,-1.1627906976744187
S501,46,65,73,61.333333333333336,184,58.69565217391305
S502,85,63,87,78.33333333333333,235,2.3529411764705883
S503,79,68,87,78.0,234,10.126582278481013
S504,76,67,57,66.66666666666667,200,-25.0
S505,92,59,90,80.33333333333333,241,-2.1739130434782608
S506,67,69,68,68.0,204,1.4925373134328357
S507,92,54,94,80.0,240,2.1739130434782608
S508,57,89,93,79.66666666666667,239,63.1578947368421
S509,49,75,91,71.66666666666667,215,85.71428571428571
S510,83,84,62,76.33333333333333,229,-25.301204819277107
S511,81,96,57,78.0,234,-29.629629629629626
S512,92,90,90,90.66666666666667,272,-2.1739130434782608
S513,66,58,68,64.0,192,3.0303030303030303
S514,46,50,91,62.333333333333336,187,97.82608695652173
S515,94,87,80,87.0,261,-14.893617021276595
S516,56,51,99,68.66666666666667,206,76.78571428571429
S517,78,97,79,84.66666666666667,254,1.282051282051282
S518,86,67,67,73.33333333333333,220,-22.093023255813954
S519,76,64,89,76.33333333333333,229,17.105263157894736
S520,46,74,92,70.66666666666667,212,100.0
S521,78,90,81,83.0,249,3.8461538461538463
S522,76,77,78,77.0,231,2.631578947368421
S523,53,78,84,71.66666666666667,215,58.490566037735846
S524,71,83,80,78.0,234,12.676056338028168
S525,82,56,65,67.66666666666667,203,-20.73170731707317
S526,50,53,64,55.666666666666664,167,28.000000000000004
S527,73,60,62,65.0,195,-15.068493150684931
S528,71,68,77,72.0,216,8.450704225352112
S529,77,96,62,78.33333333333333,235,-19.480519480519483
S530,53,80,88,73.66666666666667,221,66.0377358490566
S531,86,83,53,74.0,222,-38.372093023255815
S532,94,71,51,72.0,216,-45.744680851063826
S533,56,75,67,66.0,198,19.642857142857142
S534,53,72,66,63.666666666666664,191,24.528301886792452
S535,46,74,70,63.333333333333336,190,52.17391304347826
S536,54,75,73,67.33333333333333,202,35.18518518518518
S537,52,65,70,62.333333333333336,187,34.61538461538461
S538,86,95,74,85.0,255,-13.953488372093023
S539,52,67,72,63.666666666666664,191,38.46153846153847
S540,88,62,92,80.66666666666667,242,4.545454545454546
S541,66,78,75,73.0,219,13.636363636363635
S542,49,78,72,66.33333333333333,199,46.93877551020408
S543,92,86,61,79.66666666666667,239,-33.69565217391305
S544,63,93,84,80.0,240,33.33333333333333
S545,60,86,94,80.0,240,56.666666666666664
S546,64,58,80,67.33333333333333,202,25.0
S547,77,95,58,76.66666666666667,230,-24.675324675324674
S548,78,59,58,65.0,195,-25.64102564102564
S549,49,65,64,59.333333333333336,178,30.612244897959183
S550,87,76,75,79.33333333333333,238,-13.793103448275861
S551,80,81,96,85.66666666666667,257,20.0
S552,50,91,53,64.66666666666667,194,6.0
S553,63,80,55,66.0,198,-12.698412698412698
S554,69,60,77,68.66666666666667,206,11.594202898550725
S555,58,95,93,82.0,246,60.3448275862069
S556,74,66,58,66.0,198,-21.62162162162162
S557,67,73,99,79.66666666666667,239,47.76119402985074
S558,46,74,56,58.666666666666664,176,21.73913043478261
S559,58,70,78,68.66666666666667,206,34.48275862068966
S560,95,61,64,73.33333333333333,220,-32.631578947368425
S561,95,55,90,80.0,240,-5.263157894736842
S562,57,86,91,78.0,234,59.64912280701754
S563,71,76,91,79.33333333333333,238,28.169014084507044
S564,89,66,84,79.66666666666667,239,-5.617977528089887
S565,83,74,73,76.66666666666667,230,-12.048192771084338
S566,56,55,82,64.33333333333333,193,46.42857142857143
S567,86,87,98,90.33333333333333,271,13.953488372093023
S568,53,57,91,67.0,201,71.69811320754717
S569,70,66,81,72.33333333333333,217,15.714285714285714
S570,57,69,65,63.666666666666664,191,14.035087719298245
S571,88,93,59,80.0,240,-32.95454545454545
S572,95,72,78,81.66666666666667,245,-17.894736842105264
S573,64,96,89,83.0,249,39.0625
S574,55,70,55,60.0,180,0.0
S575,55,80,99,78.0,234,80.0
S576,56,54,54,54.666666666666664,164,-3.571428571428571
S577,51,96,61,69.33333333333333,208,19.607843137254903
S578,75,83,71,76.33333333333333,229,-5.333333333333334
S579,92,93,86,90.33333333333333,271,-6.521739130434782
S580,95,95,63,84.33333333333333,253,-33.68421052631579
S581,69,58,53,60.0,180,-23.18840579710145
S582,71,49,89,69.66666666666667,209,25.352112676056336
S583,51,93,94,79.33333333333333,238,84.31372549019608
S584,57,90,53,66.66666666666667,200,-7.017543859649122
S585,95,92,71,86.0,258,-25.263157894736842
S586,90,51,76,72.33333333333333,217,-15.555555555555555
S587,55,93,91,79.66666666666667,239,65.45454545454545
S588,49,51,63,54.333333333333336,163,28.57142857142857
S589,61,50,59,56.666666666666664,170,-3.278688524590164
S590,85,51,51,62.333333333333336,187,-40.0
S591,72,60,56,62.666666666666664,188,-22.22222222222222
S592,80,84,77,80.33333333333333,241,-3.75
S593,47,65,56,56.0,168,19.148936170212767
S594,67,95,85,82.33333333333333,247,26.865671641791046
S595,89,65,82,78.66666666666667,236,-7.865168539325842
S596,71,69,98,79.33333333333333,238,38.028169014084504
S597,59,67,61,62.333333333333336,187,3.389830508474576
S598,74,84,94,84.0,252,27.027027027027028
S599,73,67,53,64.33333333333333,193,-27.397260273972602
S600,66,54,76,65.33333333333333,196,15.151515151515152
S601,90,66,84,80.0,240,-6.666666666666667
S602,56,71,68,65.0,195,21.428571428571427
S603,75,56,66,65.66666666666667,197,-12.0
S604,61,74,64,66.33333333333333,199,4.918032786885246
S605,45,54,90,63.0,189,100.0
S606,82,87,64,77.66666666666667,233,-21.951219512195124
S607,66,70,60,65.33333333333333,196,-9.090909090909092
S608,94,87,57,79.33333333333333,238,-39.361702127659576
S609,84,85,76,81.66666666666667,245,-9.523809523809524
S610,46,73,86,68.33333333333333,205,86.95652173913044
S611,47,84,66,65.66666666666667,197,40.42553191489361
S612,61,68,51,60.0,180,-16.39344262295082
S613,81,74,63,72.66666666666667,218,-22.22222222222222
S614,74,57,51,60.666666666666664,182,-31.08108108108108
S615,45,70,83,66.0,198,84.44444444444444
S616,52,91,65,69.33333333333333,208,25.0
S617,85,59,77,73.66666666666667,221,-9.411764705882353
S618,79,49,94,74.0,222,18.9873417721519
S619,89,77,94,86.66666666666667,260,5.617977528089887
S620,80,62,65,69.0,207,-18.75
S621,60,74,96,76.66666666666667,230,60.0
S622,76,56,73,68.33333333333333,205,-3.9473684210526314
S623,85,82,78,81.66666666666667,245,-8.235294117647058
S624,87,70,62,73.0,219,-28.735632183908045
S625,56,78,97,77.0,231,73.21428571428571
S626,62,72,54,62.666666666666664,188,-12.903225806451612
S627,95,85,73,84.33333333333333,253,-23.157894736842106
S628,77,60,57,64.66666666666667,194,-25.97402597402597
S629,86,80,53,73.0,219,-38.372093023255815
S630,50,78,95,74.33333333333333,223,90.0
S631,93,60,62,71.66666666666667,215,-33.33333333333333
S632,78,82,97,85.66666666666667,257,24.358974358974358
S633,67,53,87,69.0,207,29.850746268656714
S634,74,74,88,78.66666666666667,236,18.91891891891892
S635,46,77,96,73.0,219,108.69565217391303
S636,94,89,50,77.66666666666667,233,-46.808510638297875
S637,51,87,59,65.66666666666667,197,15.686274509803921
S638,92,77,61,76.66666666666667,230,-33.69565217391305
S639,52,64,86,67.33333333333333,202,65.38461538461539
S640,88,93,72,84.33333333333333,253,-18.181818181818183
S641,47,69,80,65.33333333333333,196,70.2127659574468
S642,46,59,57,54.0,162,23.91304347826087
S643,68,82,68,72.66666666666667,218,0.0
S644,74,72,50,65.33333333333333,196,-32.432432432432435
S645,62,53,96,70.33333333333333,211,54.83870967741935
S646,82,70,82,78.0,234,0.0
S647,62,68,93,74.33333333333333,223,50.0
S648,76,78,66,73.33333333333333,220,-13.157894736842104
S649,95,56,95,82.0,246,0.0
S650,90,58,76,74.66666666666667,224,-15.555555555555555
S651,84,71,93,82.66666666666667,248,10.714285714285714
S652,58,88,65,70.33333333333333,211,12.068965517241379
S653,89,87,83,86.33333333333333,259,-6.741573033707865
S654,84,95,91,90.0,270,8.333333333333332
S655,58,92,89,79.66666666666667,239,53.44827586206896
S656,69,94,81,81.33333333333333,244,17.391304347826086
S657,48,76,93,72.33333333333333,217,93.75
S658,82,76,75,77.66666666666667,233,-8.536585365853659
S659,93,65,50,69.33333333333333,208,-46.236559139784944
S660,69,54,95,72.66666666666667,218,37.68115942028986
S661,89,67,62,72.66666666666667,218,-30.337078651685395
S662,75,81,84,80.0,240,12.0
S663,84,65,94,81.0,243,11.904761904761903
S664,56,62,99,72.33333333333333,217,76.78571428571429
S665,81,81,71,77.66666666666667,233,-12.345679012345679
S666,74,89,77,80.0,240,4.054054054054054
S667,84,96,97,92.33333333333333,277,15.476190476190476
S668,58,54,57,56.333333333333336,169,-1.7241379310344827
S669,83,81,91,85.0,255,9.63855421686747
S670,94,66,50,70.0,210,-46.808510638297875
S671,94,94,58,82.0,246,-38.297872340425535
S672,71,49,88,69.33333333333333,208,23.943661971830984
S673,76,75,69,73.33333333333333,220,-9.210526315789473
S674,69,78,97,81.33333333333333,244,40.57971014492754
S675,49,79,61,63.0,189,24.489795918367346
S676,78,79,98,85.0,255,25.64102564102564
S677,66,50,82,66.0,198,24.242424242424242
S678,49,76,63,62.666666666666664,188,28.57142857142857
S679,79,71,93,81.0,243,17.72151898734177
S680,68,66,98,77.33333333333333,232,44.11764705882353
S681,47,64,96,69.0,207,104.25531914893618
S682,74,54,80,69.33333333333333,208,8.108108108108109
S683,67,59,94,73.33333333333333,220,40.298507462686565
S684,79,57,99,78.33333333333333,235,25.31645569620253
S685,92,62,50,68.0,204,-45.65217391304348
S686,76,58,51,61.666666666666664,185,-32.89473684210527
S687,64,63,67,64.66666666666667,194,4.6875
S688,82,68,67,72.33333333333333,217,-18.29268292682927
S689,49,93,54,65.33333333333333,196,10.204081632653061
S690,60,65,58,61.0,183,-3.3333333333333335
S691,90,56,68,71.33333333333333,214,-24.444444444444443
S692,67,51,58,58.666666666666664,176,-13.432835820895523
S693,64,67,68,66.33333333333333,199,6.25
S694,74,52,75,67.0,201,1.3513513513513513
S695,95,72,81,82.66666666666667,248,-14.736842105263156
S696,84,78,87,83.0,249,3.571428571428571
S697,88,86,67,80.33333333333333,241,-23.863636363636363
S698,92,76,63,77.0,231,-31.521739130434785
S699,69,79,86,78.0,234,24.637681159420293
S700,61,80,69,70.0,210,13.114754098360656
S701,84,65,82,77.0,231,-2.380952380952381
S702,45,81,58,61.333333333333336,184,28.888888888888886
S703,72,95,80,82.33333333333333,247,11.11111111111111
S704,52,94,64,70.0,210,23.076923076923077
S705,71,57,51,59.666666666666664,179,-28.169014084507044
S706,65,50,75,63.333333333333336,190,15.384615384615385
S707,52,59,93,68.0,204,78.84615384615384
S708,53,86,57,65.33333333333333,196,7.547169811320755
S709,79,50,92,73.66666666666667,221,16.455696202531644
S710,46,57,95,66.0,198,106.5217391304348
S711,63,53,65,60.333333333333336,181,3.1746031746031744
S712,69,76,77,74.0,222,11.594202898550725
S713,74,64,62,66.66666666666667,200,-16.216216216216218
S714,87,65,70,74.0,222,-19.54022988505747
S715,61,79,86,75.33333333333333,226,40.98360655737705
S716,92,70,71,77.66666666666667,233,-22.82608695652174
S717,79,54,65,66.0,198,-17.72151898734177
S718,58,85,70,71.0,213,20.689655172413794
S719,95,51,85,77.0,231,-10.526315789473683
S720,70,63,89,74.0,222,27.142857142857142
S721,89,78,69,78.66666666666667,236,-22.47191011235955
S722,47,57,55,53.0,159,17.02127659574468
S723,65,62,88,71.66666666666667,215,35.38461538461539
S724,63,64,96,74.33333333333333,223,52.38095238095239
S725,50,85,96,77.0,231,92.0
S726,75,95,55,75.0,225,-26.666666666666668
S727,49,93,58,66.66666666666667,200,18.367346938775512
S728,86,75,98,86.33333333333333,259,13.953488372093023
S729,84,58,75,72.33333333333333,217,-10.714285714285714
S730,71,61,59,63.666666666666664,191,-16.901408450704224
S731,63,64,98,75.0,225,55.55555555555556
S732,50,77,60,62.333333333333336,187,20.0
S733,86,56,83,75.0,225,-3.488372093023256
S734,78,56,86,73.33333333333333,220,10.256410256410255
S735,80,64,80,74.66666666666667,224,0.0
S736,69,96,67,77.33333333333333,232,-2.898550724637681
S737,88,55,91,78.0,234,3.4090909090909087
S738,64,49,66,59.666666666666664,179,3.125
S739,87,57,84,76.0,228,-3.4482758620689653
S740,54,68,53,58.333333333333336,175,-1.8518518518518516
S741,47,49,78,58.0,174,65.95744680851064
S742,51,50,85,62.0,186,66.66666666666666
S743,63,88,58,69.66666666666667,209,-7.936507936507936
S744,49,81,57,62.333333333333336,187,16.3265306122449
S745,80,64,67,70.33333333333333,211,-16.25
S746,91,86,79,85.33333333333333,256,-13.186813186813188
S747,56,95,57,69.33333333333333,208,1.7857142857142856
S748,65,51,98,71.33333333333333,214,50.76923076923077
S749,75,51,65,63.666666666666664,191,-13.333333333333334
S750,54,95,77,75.33333333333333,226,42.592592592592595
S751,65,65,86,72.0,216,32.30769230769231
S752,84,73,65,74.0,222,-22.61904761904762
S753,61,55,63,59.666666666666664,179,3.278688524590164
S754,59,72,67,66.0,198,13.559322033898304
S755,53,69,71,64.33333333333333,193,33.9622641509434
S756,71,67,92,76.66666666666667,230,29.577464788732392
S757,87,95,81,87.66666666666667,263,-6.896551724137931
S758,90,62,77,76.33333333333333,229,-14.444444444444443
S759,52,74,71,65.66666666666667,197,36.53846153846153
S760,49,68,81,66.0,198,65.3061224489796
S761,63,69,94,75.33333333333333,226,49.2063492063492
S762,95,75,55,75.0,225,-42.10526315789473
S763,86,52,73,70.33333333333333,211,-15.11627906976744
S764,85,52,76,71.0,213,-10.588235294117647
S765,66,62,95,74.33333333333333,223,43.93939393939394
S766,85,58,75,72.66666666666667,218,-11.76470588235294
S767,54,67,76,65.66666666666667,197,40.74074074074074
S768,66,79,92,79.0,237,39.39393939393939
S769,94,60,66,73.33333333333333,220,-29.78723404255319
S770,81,90,99,90.0,270,22.22222222222222
S771,87,84,91,87.33333333333333,262,4.597701149425287
S772,71,80,80,77.0,231,12.676056338028168
S773,71,51,96,72.66666666666667,218,35.2112676056338
S774,55,82,80,72.33333333333333,217,45.45454545454545
S775,73,72,59,68.0,204,-19.17808219178082
S776,57,83,95,78.33333333333333,235,66.66666666666666
S777,85,75,88,82.66666666666667,248,3.5294117647058822
S778,74,57,73,68.0,204,-1.3513513513513513
S779,58,62,79,66.33333333333333,199,36.206896551724135
S780,85,71,96,84.0,252,12.941176470588237
S781,90,52,70,70.66666666666667,212,-22.22222222222222
S782,69,93,83,81.66666666666667,245,20.28985507246377
S783,71,73,62,68.66666666666667,206,-12.676056338028168
S784,83,95,72,83.33333333333333,250,-13.253012048192772
S785,59,66,57,60.666666666666664,182,-3.389830508474576
S786,51,92,88,77.0,231,72.54901960784314
S787,60,94,81,78.33333333333333,235,35.0
S788,54,80,96,76.66666666666667,230,77.77777777777779
S789,63,82,80,75.0,225,26.984126984126984
S790,60,66,86,70.66666666666667,212,43.333333333333336
S791,85,50,87,74.0,222,2.3529411764705883
S792,75,61,83,73.0,219,10.666666666666668
S793,82,70,86,79.33333333333333,238,4.878048780487805
S794,80,84,51,71.66666666666667,215,-36.25
S795,68,88,67,74.33333333333333,223,-1.4705882352941175
S796,56,72,96,74.66666666666667,224,71.42857142857143
S797,47,95,76,72.66666666666667,218,61.702127659574465
S798,93,62,98,84.33333333333333,253,5.376344086021505
S799,84,78,96,86.0,258,14.285714285714285
S800,61,73,55,63.0,189,-9.836065573770492
S801,89,61,75,75.0,225,-15.730337078651685
S802,50,72,71,64.33333333333333,193,42.0
S803,65,93,80,79.33333333333333,238,23.076923076923077
S804,51,95,58,68.0,204,13.725490196078432
S805,54,77,86,72.33333333333333,217,59.25925925925925
S806,92,74,58,74.66666666666667,224,-36.95652173913043
S807,63,78,88,76.33333333333333,229,39.682539682539684
S808,56,58,95,69.66666666666667,209,69.64285714285714
S809,91,63,99,84.33333333333333,253,8.791208791208792
S810,47,59,87,64.33333333333333,193,85.1063829787234
S811,76,97,81,84.66666666666667,254,6.578947368421052
S812,92,49,88,76.33333333333333,229,-4.3478260869565215
S813,71,79,64,71.33333333333333,214,-9.859154929577464
S814,76,64,65,68.33333333333333,205,-14.473684210526317
S815,57,82,55,64.66666666666667,194,-3.508771929824561
S816,79,72,97,82.66666666666667,248,22.78481012658228
S817,91,77,65,77.66666666666667,233,-28.57142857142857
S818,91,85,51,75.66666666666667,227,-43.956043956043956
S819,71,55,50,58.666666666666664,176,-29.577464788732392
S820,57,84,61,67.33333333333333,202,7.017543859649122
S821,70,69,57,65.33333333333333,196,-18.571428571428573
S822,77,74,81,77.33333333333333,232,5.194805194805195
S823,47,92,77,72.0,216,63.829787234042556
S824,69,69,51,63.0,189,-26.08695652173913
S825,66,52,86,68.0,204,30.303030303030305
S826,48,96,81,75.0,225,68.75
S827,51,74,93,72.66666666666667,218,82.35294117647058
S828,46,73,82,67.0,201,78.26086956521739
S829,69,69,62,66.66666666666667,200,-10.144927536231885
S830,63,68,70,67.0,201,11.11111111111111
S831,50,76,66,64.0,192,32.0
S832,63,78,58,66.33333333333333,199,-7.936507936507936
S833,86,56,70,70.66666666666667,212,-18.6046511627907
S834,63,49,60,57.333333333333336,172,-4.761904761904762
S835,52,84,64,66.66666666666667,200,23.076923076923077
S836,58,70,99,75.66666666666667,227,70.6896551724138
S837,47,49,65,53.666666666666664,161,38.297872340425535
S838,81,86,69,78.66666666666667,236,-14.814814814814813
S839,79,53,89,73.66666666666667,221,12.658227848101266
S840,77,86,58,73.66666666666667,221,-24.675324675324674
S841,85,77,92,84.66666666666667,254,8.235294117647058
S842,83,78,65,75.33333333333333,226,-21.686746987951807
S843,88,65,94,82.33333333333333,247,6.8181818181818175
S844,80,58,91,76.33333333333333,229,13.750000000000002
S845,94,57,52,67.66666666666667,203,-44.680851063829785
S846,55,64,50,56.333333333333336,169,-9.090909090909092
S847,51,95,91,79.0,237,78.43137254901961
S848,92,83,53,76.0,228,-42.391304347826086
S849,68,80,91,79.66666666666667,239,33.82352941176471
S850,83,65,99,82.33333333333333,247,19.27710843373494
S851,82,67,92,80.33333333333333,241,12.195121951219512
S852,91,50,63,68.0,204,-30.76923076923077
S853,62,62,50,58.0,174,-19.35483870967742
S854,66,82,93,80.33333333333333,241,40.909090909090914
S855,58,76,90,74.66666666666667,224,55.172413793103445
S856,76,85,51,70.66666666666667,212,-32.89473684210527
S857,86,57,70,71.0,213,-18.6046511627907
S858,74,52,84,70.0,210,13.513513513513514
S859,80,85,61,75.33333333333333,226,-23.75
S860,73,80,60,71.0,213,-17.80821917808219
S861,93,78,67,79.33333333333333,238,-27.956989247311824
S862,80,56,93,76.33333333333333,229,16.25
S863,87,80,73,80.0,240,-16.091954022988507
S864,57,72,81,70.0,210,42.10526315789473
S865,49,84,92,75.0,225,87.75510204081633
S866,46,58,69,57.666666666666664,173,50.0
S867,80,61,74,71.66666666666667,215,-7.5
S868,90,94,82,88.66666666666667,266,-8.88888888888889
S869,54,78,84,72.0,216,55.55555555555556
S870,66,63,96,75.0,225,45.45454545454545
S871,84,53,66,67.66666666666667,203,-21.428571428571427
S872,45,73,74,64.0,192,64.44444444444444
S873,59,96,96,83.66666666666667,251,62.71186440677966
S874,56,86,62,68.0,204,10.714285714285714
S875,75,83,54,70.66666666666667,212,-28.000000000000004
S876,80,64,85,76.33333333333333,229,6.25
S877,93,78,76,82.33333333333333,247,-18.27956989247312
S878,83,69,90,80.66666666666667,242,8.433734939759036
S879,94,84,81,86.33333333333333,259,-13.829787234042554
S880,78,84,67,76.33333333333333,229,-14.102564102564102
S881,49,48,99,65.33333333333333,196,102.04081632653062
S882,59,71,98,76.0,228,66.10169491525424
S883,86,64,58,69.33333333333333,208,-32.55813953488372
S884,58,54,98,70.0,210,68.96551724137932
S885,52,51,88,63.666666666666664,191,69.23076923076923
S886,52,85,87,74.66666666666667,224,67.3076923076923
S887,62,66,82,70.0,210,32.25806451612903
S888,52,71,89,70.66666666666667,212,71.15384615384616
S889,55,78,56,63.0,189,1.8181818181818181
S890,76,51,52,59.666666666666664,179,-31.57894736842105
S891,56,70,55,60.333333333333336,181,-1.7857142857142856
S892,67,75,62,68.0,204,-7.462686567164178
S893,93,84,73,83.33333333333333,250,-21.50537634408602
S894,66,67,59,64.0,192,-10.606060606060606
S895,82,61,94,79.0,237,14.634146341463413
S896,51,85,70,68.66666666666667,206,37.254901960784316
S897,80,88,98,88.66666666666667,266,22.5
S898,88,71,66,75.0,225,-25.0
S899,62,84,75,73.66666666666667,221,20.967741935483872
S900,67,55,87,69.66666666666667,209,29.850746268656714
S901,82,52,50,61.333333333333336,184,-39.02439024390244
S902,68,60,75,67.66666666666667,203,10.294117647058822
S903,54,81,80,71.66666666666667,215,48.148148148148145
S904,78,54,54,62.0,186,-30.76923076923077
S905,63,76,97,78.66666666666667,236,53.96825396825397
S906,90,70,72,77.33333333333333,232,-20.0
S907,95,92,70,85.66666666666667,257,-26.31578947368421
S908,77,65,60,67.33333333333333,202,-22.07792207792208
S909,64,84,97,81.66666666666667,245,51.5625
S910,74,87,58,73.0,219,-21.62162162162162
S911,58,94,76,76.0,228,31.03448275862069
S912,46,67,52,55.0,165,13.043478260869565
S913,80,78,64,74.0,222,-20.0
S914,83,57,87,75.66666666666667,227,4.819277108433735
S915,61,86,58,68.33333333333333,205,-4.918032786885246
S916,52,84,76,70.66666666666667,212,46.15384615384615
S917,56,85,91,77.33333333333333,232,62.5
S918,46,68,63,59.0,177,36.95652173913043
S919,95,53,64,70.66666666666667,212,-32.631578947368425
S920,68,79,85,77.33333333333333,232,25.0
S921,95,84,96,91.66666666666667,275,1.0526315789473684
S922,92,92,77,87.0,261,-16.304347826086957
S923,68,65,58,63.666666666666664,191,-14.705882352941178
S924,79,54,74,69.0,207,-6.329113924050633
S925,73,64,70,69.0,207,-4.10958904109589
S926,94,67,99,86.66666666666667,260,5.319148936170213
S927,48,73,98,73.0,219,104.16666666666667
S928,67,87,72,75.33333333333333,226,7.462686567164178
S929,46,75,92,71.0,213,100.0
S930,46,70,68,61.333333333333336,184,47.82608695652174
S931,94,82,61,79.0,237,-35.1063829787234
S932,79,66,91,78.66666666666667,236,15.18987341772152
S933,88,79,73,80.0,240,-17.045454545454543
S934,70,64,73,69.0,207,4.285714285714286
S935,94,59,96,83.0,249,2.127659574468085
S936,87,74,89,83.33333333333333,250,2.2988505747126435
S937,55,55,74,61.333333333333336,184,34.54545454545455
S938,57,60,68,61.666666666666664,185,19.298245614035086
S939,59,77,96,77.33333333333333,232,62.71186440677966
S940,52,56,64,57.333333333333336,172,23.076923076923077
S941,77,87,52,72.0,216,-32.467532467532465
S942,49,49,71,56.333333333333336,169,44.89795918367347
S943,94,91,77,87.33333333333333,262,-18.085106382978726
S944,67,73,68,69.33333333333333,208,1.4925373134328357
S945,62,55,99,72.0,216,59.67741935483871
S946,85,85,75,81.66666666666667,245,-11.76470588235294
S947,50,64,56,56.666666666666664,170,12.0
S948,51,89,83,74.33333333333333,223,62.745098039215684
S949,84,72,75,77.0,231,-10.714285714285714
S950,69,85,87,80.33333333333333,241,26.08695652173913
S951,87,73,87,82.33333333333333,247,0.0
S952,55,66,76,65.66666666666667,197,38.18181818181819
S953,58,72,93,74.33333333333333,223,60.3448275862069
S954,69,90,89,82.66666666666667,248,28.985507246376812
S955,94,85,91,90.0,270,-3.1914893617021276
S956,63,75,99,79.0,237,57.14285714285714
S957,67,85,63,71.66666666666667,215,-5.970149253731343
S958,79,65,79,74.33333333333333,223,0.0
S959,94,77,76,82.33333333333333,247,-19.148936170212767
S960,88,68,77,77.66666666666667,233,-12.5
S961,82,51,74,69.0,207,-9.75609756097561
S962,47,55,99,67.0,201,110.63829787234043
S963,49,85,78,70.66666666666667,212,59.183673469387756
S964,59,72,94,75.0,225,59.32203389830508
S965,77,56,90,74.33333333333333,223,16.883116883116884
S966,78,48,69,65.0,195,-11.538461538461538
S967,94,72,57,74.33333333333333,223,-39.361702127659576
S968,85,48,61,64.66666666666667,194,-28.235294117647058
S969,95,68,59,74.0,222,-37.89473684210527
S970,92,70,72,78.0,234,-21.73913043478261
S971,87,91,51,76.33333333333333,229,-41.37931034482759
S972,54,63,74,63.666666666666664,191,37.03703703703704
S973,84,95,89,89.33333333333333,268,5.952380952380952
S974,93,65,92,83.33333333333333,250,-1.0752688172043012
S975,71,50,92,71.0,213,29.577464788732392
S976,81,97,61,79.66666666666667,239,-24.691358024691358
S977,86,51,60,65.66666666666667,197,-30.23255813953488
S978,50,68,70,62.666666666666664,188,40.0
S979,66,86,55,69.0,207,-16.666666666666664
S980,82,58,95,78.33333333333333,235,15.853658536585366
S981,55,59,65,59.666666666666664,179,18.181818181818183
S982,70,94,84,82.66666666666667,248,20.0
S983,78,81,79,79.33333333333333,238,1.282051282051282
S984,92,97,76,88.33333333333333,265,-17.391304347826086
S985,51,56,66,57.666666666666664,173,29.411764705882355
S986,65,96,56,72.33333333333333,217,-13.846153846153847
S987,50,91,57,66.0,198,14.000000000000002
S988,53,93,71,72.33333333333333,217,33.9622641509434
S989,50,79,68,65.66666666666667,197,36.0
S990,78,87,65,76.66666666666667,230,-16.666666666666664
S991,52,50,91,64.33333333333333,193,75.0
S992,62,55,76,64.33333333333333,193,22.58064516129032
S993,48,55,84,62.333333333333336,187,75.0
S994,66,95,61,74.0,222,-7.575757575757576
S995,71,52,55,59.333333333333336,178,-22.535211267605636
S996,79,87,93,86.33333333333333,259,17.72151898734177
S997,68,76,79,74.33333333333333,223,16.176470588235293
S998,92,93,94,93.0,279,2.1739130434782608
S999,80,73,66,73.0,219,-17.5
S1000,58,63,99,73.33333333333333,220,70.6896551724138
S1001,78,67,93,79.33333333333333,238,19.230769230769234
S1002,79,72,87,79.33333333333333,238,10.126582278481013
S1003,53,61,95,69.66666666666667,209,79.24528301886792
S1004,73,70,99,80.66666666666667,242,35.61643835616438
S1005,65,95,70,76.66666666666667,230,7.6923076923076925
S1006,58,52,79,63.0,189,36.206896551724135
S1007,79,91,79,83.0,249,0.0
S1008,78,92,92,87.33333333333333,262,17.94871794871795
S1009,72,74,66,70.66666666666667,212,-8.333333333333332
S1010,48,91,64,67.66666666666667,203,33.33333333333333
S1011,78,67,92,79.0,237,17.94871794871795
S1012,61,67,93,73.66666666666667,221,52.459016393442624
S1013,46,90,61,65.66666666666667,197,32.608695652173914
S1014,53,91,67,70.33333333333333,211,26.41509433962264
S1015,85,84,75,81.33333333333333,244,-11.76470588235294
S1016,92,88,53,77.66666666666667,233,-42.391304347826086
S1017,81,75,77,77.66666666666667,233,-4.938271604938271
S1018,80,52,74,68.66666666666667,206,-7.5
S1019,55,53,70,59.333333333333336,178,27.27272727272727
S1020,59,64,50,57.666666666666664,173,-15.254237288135593
S1021,51,74,89,71.33333333333333,214,74.50980392156863
S1022,82,70,70,74.0,222,-14.634146341463413
S1023,47,80,74,67.0,201,57.446808510638306
S1024,83,48,85,72.0,216,2.4096385542168677
S1025,92,78,66,78.66666666666667,236,-28.26086956521739
S1026,80,85,97,87.33333333333333,262,21.25
S1027,52,67,94,71.0,213,80.76923076923077
S1028,56,73,60,63.0,189,7.142857142857142
S1029,91,60,53,68.0,204,-41.75824175824176
S1030,74,95,82,83.66666666666667,251,10.81081081081081
S1031,55,74,94,74.33333333333333,223,70.9090909090909
S1032,53,69,91,71.0,213,71.69811320754717
S1033,59,68,71,66.0,198,20.33898305084746
S1034,76,97,71,81.33333333333333,244,-6.578947368421052
S1035,88,52,93,77.66666666666667,233,5.681818181818182
S1036,63,48,53,54.666666666666664,164,-15.873015873015872
S1037,64,85,89,79.33333333333333,238,39.0625
S1038,65,83,78,75.33333333333333,226,20.0
S1039,64,76,78,72.66666666666667,218,21.875
S1040,49,85,87,73.66666666666667,221,77.55102040816327
S1041,92,91,83,88.66666666666667,266,-9.782608695652174
S1042,93,72,81,82.0,246,-12.903225806451612
S1043,80,69,56,68.33333333333333,205,-30.0
S1044,78,56,62,65.33333333333333,196,-20.51282051282051
S1045,74,54,77,68.33333333333333,205,4.054054054054054
S1046,76,64,51,63.666666666666664,191,-32.89473684210527
S1047,90,68,84,80.66666666666667,242,-6.666666666666667
S1048,93,53,96,80.66666666666667,242,3.225806451612903
S1049,56,76,80,70.66666666666667,212,42.857142857142854
S1050,59,68,78,68.33333333333333,205,32.20338983050847
S1051,62,61,83,68.66666666666667,206,33.87096774193548
S1052,95,59,92,82.0,246,-3.1578947368421053
S1053,94,95,53,80.66666666666667,242,-43.61702127659575
S1054,89,92,82,87.66666666666667,263,-7.865168539325842
S1055,45,76,75,65.33333333333333,196,66.66666666666666
S1056,90,80,78,82.66666666666667,248,-13.333333333333334
S1057,64,67,74,68.33333333333333,205,15.625
S1058,72,81,98,83.66666666666667,251,36.11111111111111
S1059,63,68,94,75.0,225,49.2063492063492
S1060,52,63,89,68.0,204,71.15384615384616
S1061,46,88,78,70.66666666666667,212,69.56521739130434
S1062,90,67,72,76.33333333333333,229,-20.0
S1063,67,95,71,77.66666666666667,233,5.970149253731343
S1064,62,58,74,64.66666666666667,194,19.35483870967742
S1065,77,76,58,70.33333333333333,211,-24.675324675324674
S1066,81,92,50,74.33333333333333,223,-38.2716049382716
S1067,83,51,79,71.0,213,-4.819277108433735
S1068,55,95,87,79.0,237,58.18181818181818
S1069,45,59,69,57.666666666666664,173,53.333333333333336
S1070,82,49,87,72.66666666666667,218,6.097560975609756
S1071,82,90,50,74.0,222,-39.02439024390244
S1072,66,72,69,69.0,207,4.545454545454546
S1073,90,77,90,85.66666666666667,257,0.0
S1074,65,81,73,73.0,219,12.307692307692308
S1075,67,59,95,73.66666666666667,221,41.7910447761194
S1076,88,70,58,72.0,216,-34.090909090909086
S1077,61,71,62,64.66666666666667,194,1.639344262295082
S1078,89,62,50,67.0,201,-43.82022471910113
S1079,55,85,93,77.66666666666667,233,69.0909090909091
S1080,80,57,79,72.0,216,-1.25
S1081,58,91,84,77.66666666666667,233,44.827586206896555
S1082,63,73,82,72.66666666666667,218,30.158730158730158
S1083,86,50,58,64.66666666666667,194,-32.55813953488372
S1084,68,61,66,65.0,195,-2.941176470588235
S1085,75,63,85,74.33333333333333,223,13.333333333333334
S1086,68,61,58,62.333333333333336,187,-14.705882352941178
S1087,73,52,80,68.33333333333333,205,9.58904109589041
S1088,84,79,86,83.0,249,2.380952380952381
S1089,48,48,63,53.0,159,31.25
S1090,59,95,70,74.66666666666667,224,18.64406779661017
S1091,50,74,52,58.666666666666664,176,4.0
S1092,87,58,79,74.66666666666667,224,-9.195402298850574
S1093,82,67,52,67.0,201,-36.58536585365854
S1094,80,97,91,89.33333333333333,268,13.750000000000002
S1095,57,69,64,63.333333333333336,190,12.280701754385964
S1096,54,67,67,62.666666666666664,188,24.074074074074073
S1097,61,76,69,68.66666666666667,206,13.114754098360656
S1098,89,54,70,71.0,213,-21.34831460674157
S1099,89,97,61,82.33333333333333,247,-31.46067415730337
S1100,63,61,96,73.33333333333333,220,52.38095238095239
S1101,93,61,63,72.33333333333333,217,-32.25806451612903
S1102,66,73,88,75.66666666666667,227,33.33333333333333
S1103,69,93,55,72.33333333333333,217,-20.28985507246377
S1104,55,90,59,68.0,204,7.2727272727272725
S1105,68,79,52,66.33333333333333,199,-23.52941176470588
S1106,75,74,86,78.33333333333333,235,14.666666666666666
S1107,58,64,54,58.666666666666664,176,-6.896551724137931
S1108,90,85,63,79.33333333333333,238,-30.0
S1109,69,82,95,82.0,246,37.68115942028986
S1110,91,75,51,72.33333333333333,217,-43.956043956043956
S1111,59,76,73,69.33333333333333,208,23.728813559322035
S1112,69,82,75,75.33333333333333,226,8.695652173913043
S1113,92,92,79,87.66666666666667,263,-14.130434782608695
S1114,55,58,81,64.66666666666667,194,47.27272727272727
S1115,90,97,60,82.33333333333333,247,-33.33333333333333
S1116,72,53,73,66.0,198,1.3888888888888888
S1117,82,94,85,87.0,261,3.6585365853658534
S1118,55,87,81,74.33333333333333,223,47.27272727272727
S1119,53,74,61,62.666666666666664,188,15.09433962264151
S1120,76,85,60,73.66666666666667,221,-21.052631578947366
S1121,95,90,68,84.33333333333333,253,-28.421052631578945
S1122,57,88,94,79.66666666666667,239,64.91228070175438
S1123,89,68,85,80.66666666666667,242,-4.49438202247191
S1124,49,56,65,56.666666666666664,170,32.6530612244898
S1125,47,87,57,63.666666666666664,191,21.27659574468085
S1126,46,91,82,73.0,219,78.26086956521739
S1127,48,96,84,76.0,228,75.0
S1128,62,50,53,55.0,165,-14.516129032258066
S1129,51,76,70,65.66666666666667,197,37.254901960784316
S1130,60,69,79,69.33333333333333,208,31.666666666666664
S1131,72,83,97,84.0,252,34.72222222222222
S1132,46,75,68,63.0,189,47.82608695652174
S1133,74,70,93,79.0,237,25.675675675675674
S1134,88,65,75,76.0,228,-14.772727272727273
S1135,69,96,94,86.33333333333333,259,36.231884057971016
S1136,62,61,65,62.666666666666664,188,4.838709677419355
S1137,80,77,73,76.66666666666667,230,-8.75
S1138,78,96,58,77.33333333333333,232,-25.64102564102564
S1139,78,92,50,73.33333333333333,220,-35.8974358974359
S1140,84,63,89,78.66666666666667,236,5.952380952380952
S1141,67,84,99,83.33333333333333,250,47.76119402985074
S1142,80,73,65,72.66666666666667,218,-18.75
S1143,58,63,50,57.0,171,-13.793103448275861
S1144,59,74,63,65.33333333333333,196,6.779661016949152
S1145,82,56,58,65.33333333333333,196,-29.268292682926827
S1146,60,80,55,65.0,195,-8.333333333333332
S1147,62,61,76,66.33333333333333,199,22.58064516129032
S1148,91,81,71,81.0,243,-21.978021978021978
S1149,67,72,69,69.33333333333333,208,2.9850746268656714
S1150,67,76,76,73.0,219,13.432835820895523
S1151,49,72,81,67.33333333333333,202,65.3061224489796
S1152,82,75,63,73.33333333333333,220,-23.170731707317074
S1153,53,63,63,59.666666666666664,179,18.867924528301888
S1154,71,85,71,75.66666666666667,227,0.0
S1155,59,87,68,71.33333333333333,214,15.254237288135593
S1156,59,66,74,66.33333333333333,199,25.423728813559322
S1157,54,55,56,55.0,165,3.7037037037037033
S1158,67,80,50,65.66666666666667,197,-25.37313432835821
S1159,92,85,71,82.66666666666667,248,-22.82608695652174
S1160,71,89,95,85.0,255,33.80281690140845
S1161,78,90,93,87.0,261,19.230769230769234
S1162,68,84,67,73.0,219,-1.4705882352941175
S1163,47,50,81,59.333333333333336,178,72.3404255319149
S1164,86,62,79,75.66666666666667,227,-8.13953488372093
S1165,84,71,68,74.33333333333333,223,-19.047619047619047
S1166,82,93,57,77.33333333333333,232,-30.48780487804878
S1167,93,81,85,86.33333333333333,259,-8.60215053763441
S1168,45,91,89,75.0,225,97.77777777777777
S1169,95,85,91,90.33333333333333,271,-4.2105263157894735
S1170,75,56,79,70.0,210,5.333333333333334
S1171,56,94,86,78.66666666666667,236,53.57142857142857
S1172,46,58,53,52.333333333333336,157,15.217391304347828
S1173,67,53,52,57.333333333333336,172,-22.388059701492537
S1174,78,76,82,78.66666666666667,236,5.128205128205128
S1175,62,53,91,68.66666666666667,206,46.774193548387096
S1176,86,85,95,88.66666666666667,266,10.465116279069768
S1177,94,80,52,75.33333333333333,226,-44.680851063829785
S1178,92,73,94,86.33333333333333,259,2.1739130434782608
S1179,67,88,87,80.66666666666667,242,29.850746268656714
S1180,86,48,50,61.333333333333336,184,-41.86046511627907
S1181,87,69,92,82.66666666666667,248,5.747126436781609
S1182,49,51,84,61.333333333333336,184,71.42857142857143
S1183,74,87,60,73.66666666666667,221,-18.91891891891892
S1184,71,85,60,72.0,216,-15.492957746478872
S1185,56,49,65,56.666666666666664,170,16.071428571428573
S1186,84,70,55,69.66666666666667,209,-34.523809523809526
S1187,73,97,82,84.0,252,12.32876712328767
S1188,71,63,59,64.33333333333333,193,-16.901408450704224
S1189,61,69,81,70.33333333333333,211,32.78688524590164
S1190,71,49,91,70.33333333333333,211,28.169014084507044
S1191,58,64,69,63.666666666666664,191,18.96551724137931
S1192,48,86,56,63.333333333333336,190,16.666666666666664
S1193,92,50,84,75.33333333333333,226,-8.695652173913043
S1194,56,68,58,60.666666666666664,182,3.571428571428571
S1195,70,80,80,76.66666666666667,230,14.285714285714285
S1196,91,76,89,85.33333333333333,256,-2.197802197802198
S1197,58,49,70,59.0,177,20.689655172413794
S1198,89,50,75,71.33333333333333,214,-15.730337078651685
S1199,72,87,86,81.66666666666667,245,19.444444444444446
S1200,47,94,54,65.0,195,14.893617021276595
S1201,86,48,66,66.66666666666667,200,-23.25581395348837
S1202,61,48,78,62.333333333333336,187,27.86885245901639
S1203,51,90,82,74.33333333333333,223,60.78431372549019
S1204,92,69,95,85.33333333333333,256,3.260869565217391
S1205,54,68,79,67.0,201,46.2962962962963
S1206,88,76,65,76.33333333333333,229,-26.136363636363637
S1207,87,60,96,81.0,243,10.344827586206897
S1208,78,59,88,75.0,225,12.82051282051282
S1209,87,71,73,77.0,231,-16.091954022988507
S1210,67,55,61,61.0,183,-8.955223880597014
S1211,47,54,85,62.0,186,80.85106382978722
S1212,54,93,82,76.33333333333333,229,51.85185185185185
S1213,75,85,85,81.66666666666667,245,13.333333333333334
S1214,89,53,75,72.33333333333333,217,-15.730337078651685
S1215,49,48,62,53.0,159,26.53061224489796
S1216,89,75,77,80.33333333333333,241,-13.48314606741573
S1217,69,70,61,66.66666666666667,200,-11.594202898550725
S1218,80,86,60,75.33333333333333,226,-25.0
S1219,58,85,88,77.0,231,51.724137931034484
S1220,60,86,83,76.33333333333333,229,38.333333333333336
S1221,80,84,81,81.66666666666667,245,1.25
S1222,53,61,64,59.333333333333336,178,20.754716981132077
S1223,91,95,59,81.66666666666667,245,-35.16483516483517
S1224,91,88,50,76.33333333333333,229,-45.05494505494506
S1225,84,94,95,91.0,273,13.095238095238097
S1226,61,67,99,75.66666666666667,227,62.295081967213115
S1227,51,49,60,53.333333333333336,160,17.647058823529413
S1228,80,75,79,78.0,234,-1.25
S1229,87,87,65,79.66666666666667,239,-25.287356321839084
S1230,58,54,58,56.666666666666664,170,0.0
S1231,57,72,77,68.66666666666667,206,35.08771929824561
S1232,68,51,97,72.0,216,42.64705882352941
S1233,63,90,66,73.0,219,4.761904761904762
S1234,80,85,77,80.66666666666667,242,-3.75
S1235,48,96,70,71.33333333333333,214,45.83333333333333
S1236,52,71,57,60.0,180,9.615384615384617
S1237,60,55,67,60.666666666666664,182,11.666666666666666
S1238,73,62,68,67.66666666666667,203,-6.8493150684931505
S1239,58,81,64,67.66666666666667,203,10.344827586206897
S1240,62,85,89,78.66666666666667,236,43.54838709677419
S1241,83,76,97,85.33333333333333,256,16.867469879518072
S1242,51,70,94,71.66666666666667,215,84.31372549019608
S1243,57,72,68,65.66666666666667,197,19.298245614035086
S1244,60,79,50,63.0,189,-16.666666666666664
S1245,54,53,66,57.666666666666664,173,22.22222222222222
S1246,75,80,85,80.0,240,13.333333333333334
S1247,77,49,93,73.0,219,20.77922077922078
S1248,62,95,52,69.66666666666667,209,-16.129032258064516
S1249,74,61,80,71.66666666666667,215,8.108108108108109
S1250,77,88,98,87.66666666666667,263,27.27272727272727
S1251,80,55,63,66.0,198,-21.25
S1252,79,84,62,75.0,225,-21.518987341772153
S1253,85,51,89,75.0,225,4.705882352941177
S1254,81,73,56,70.0,210,-30.864197530864196
S1255,61,85,63,69.66666666666667,209,3.278688524590164
S1256,78,48,51,59.0,177,-34.61538461538461
S1257,77,89,77,81.0,243,0.0
S1258,92,81,87,86.66666666666667,260,-5.434782608695652
S1259,73,94,82,83.0,249,12.32876712328767
S1260,91,50,76,72.33333333333333,217,-16.483516483516482
S1261,81,88,96,88.33333333333333,265,18.51851851851852
S1262,80,52,98,76.66666666666667,230,22.5
S1263,76,69,87,77.33333333333333,232,14.473684210526317
S1264,63,84,57,68.0,204,-9.523809523809524
S1265,74,56,89,73.0,219,20.27027027027027
S1266,79,77,61,72.33333333333333,217,-22.78481012658228
S1267,47,75,76,66.0,198,61.702127659574465
S1268,75,69,81,75.0,225,8.0
S1269,75,66,64,68.33333333333333,205,-14.666666666666666
S1270,54,53,68,58.333333333333336,175,25.925925925925924
S1271,76,61,77,71.33333333333333,214,1.3157894736842104
S1272,72,72,78,74.0,222,8.333333333333332
S1273,57,54,57,56.0,168,0.0
S1274,75,79,78,77.33333333333333,232,4.0
S1275,58,62,81,67.0,201,39.6551724137931
S1276,55,58,74,62.333333333333336,187,34.54545454545455
S1277,67,91,86,81.33333333333333,244,28.35820895522388
S1278,92,50,62,68.0,204,-32.608695652173914
S1279,68,83,78,76.33333333333333,229,14.705882352941178
S1280,52,50,99,67.0,201,90.38461538461539
S1281,90,88,51,76.33333333333333,229,-43.333333333333336
S1282,65,61,92,72.66666666666667,218,41.53846153846154
S1283,92,92,58,80.66666666666667,242,-36.95652173913043
S1284,72,69,56,65.66666666666667,197,-22.22222222222222
S1285,51,50,78,59.666666666666664,179,52.94117647058824
S1286,66,50,64,60.0,180,-3.0303030303030303
S1287,49,89,56,64.66666666666667,194,14.285714285714285
S1288,49,49,64,54.0,162,30.612244897959183
S1289,45,54,99,66.0,198,120.0
S1290,69,73,80,74.0,222,15.942028985507244
S1291,86,97,67,83.33333333333333,250,-22.093023255813954
S1292,66,55,83,68.0,204,25.757575757575758
S1293,50,60,57,55.666666666666664,167,14.000000000000002
S1294,46,86,82,71.33333333333333,214,78.26086956521739
S1295,81,50,98,76.33333333333333,229,20.98765432098765
S1296,94,55,79,76.0,228,-15.957446808510639
S1297,52,61,85,66.0,198,63.46153846153846
S1298,51,74,82,69.0,207,60.78431372549019
S1299,72,85,99,85.33333333333333,256,37.5
S1300,57,81,82,73.33333333333333,220,43.859649122807014
S1301,49,70,58,59.0,177,18.367346938775512
S1302,56,67,83,68.66666666666667,206,48.214285714285715
S1303,89,87,90,88.66666666666667,266,1.1235955056179776
S1304,87,55,53,65.0,195,-39.08045977011494
S1305,49,59,94,67.33333333333333,202,91.83673469387756
S1306,53,91,99,81.0,243,86.79245283018868
S1307,72,69,91,77.33333333333333,232,26.38888888888889
S1308,62,53,57,57.333333333333336,172,-8.064516129032258
S1309,94,94,84,90.66666666666667,272,-10.638297872340425
S1310,69,79,95,81.0,243,37.68115942028986
S1311,68,64,72,68.0,204,5.88235294117647
S1312,54,83,63,66.66666666666667,200,16.666666666666664
S1313,89,50,99,79.33333333333333,238,11.235955056179774
S1314,94,78,56,76.0,228,-40.42553191489361
S1315,59,94,87,80.0,240,47.45762711864407
S1316,68,96,68,77.33333333333333,232,0.0
S1317,77,57,59,64.33333333333333,193,-23.376623376623375
S1318,45,93,73,70.33333333333333,211,62.22222222222222
S1319,83,76,57,72.0,216,-31.32530120481928
S1320,53,85,82,73.33333333333333,220,54.71698113207547
S1321,74,66,73,71.0,213,-1.3513513513513513
S1322,60,92,85,79.0,237,41.66666666666667
S1323,57,61,55,57.666666666666664,173,-3.508771929824561
S1324,50,66,50,55.333333333333336,166,0.0
S1325,95,74,92,87.0,261,-3.1578947368421053
S1326,62,94,86,80.66666666666667,242,38.70967741935484
S1327,45,65,97,69.0,207,115.55555555555554
S1328,46,56,58,53.333333333333336,160,26.08695652173913
S1329,62,92,60,71.33333333333333,214,-3.225806451612903
S1330,45,62,97,68.0,204,115.55555555555554
S1331,91,79,62,77.33333333333333,232,-31.868131868131865
S1332,53,84,86,74.33333333333333,223,62.264150943396224
S1333,51,62,89,67.33333333333333,202,74.50980392156863
S1334,86,89,81,85.33333333333333,256,-5.813953488372093
S1335,52,89,72,71.0,213,38.46153846153847
S1336,62,69,57,62.666666666666664,188,-8.064516129032258
S1337,73,92,67,77.33333333333333,232,-8.21917808219178
S1338,89,85,96,90.0,270,7.865168539325842
S1339,50,97,62,69.66666666666667,209,24.0
S1340,86,65,72,74.33333333333333,223,-16.27906976744186
S1341,82,87,74,81.0,243,-9.75609756097561
S1342,78,94,81,84.33333333333333,253,3.8461538461538463
S1343,55,66,84,68.33333333333333,205,52.72727272727272
S1344,76,49,73,66.0,198,-3.9473684210526314
S1345,59,58,86,67.66666666666667,203,45.76271186440678
S1346,61,67,65,64.33333333333333,193,6.557377049180328
S1347,74,78,84,78.66666666666667,236,13.513513513513514
S1348,78,76,52,68.66666666666667,206,-33.33333333333333
S1349,54,55,67,58.666666666666664,176,24.074074074074073
S1350,60,78,85,74.33333333333333,223,41.66666666666667
S1351,48,97,70,71.66666666666667,215,45.83333333333333
S1352,86,85,56,75.66666666666667,227,-34.883720930232556
S1353,72,56,55,61.0,183,-23.61111111111111
S1354,82,92,79,84.33333333333333,253,-3.6585365853658534
S1355,95,89,66,83.33333333333333,250,-30.526315789473685
S1356,79,96,94,89.66666666666667,269,18.9873417721519
S1357,77,68,81,75.33333333333333,226,5.194805194805195
S1358,53,64,81,66.0,198,52.83018867924528
S1359,74,66,71,70.33333333333333,211,-4.054054054054054
S1360,48,50,63,53.666666666666664,161,31.25
S1361,93,51,80,74.66666666666667,224,-13.978494623655912
S1362,69,93,87,83.0,249,26.08695652173913
S1363,69,60,95,74.66666666666667,224,37.68115942028986
S1364,72,48,57,59.0,177,-20.833333333333336
S1365,64,84,58,68.66666666666667,206,-9.375
S1366,64,76,81,73.66666666666667,221,26.5625
S1367,76,89,58,74.33333333333333,223,-23.684210526315788
S1368,95,89,80,88.0,264,-15.789473684210526
S1369,80,53,92,75.0,225,15.0
S1370,57,61,73,63.666666666666664,191,28.07017543859649
S1371,68,50,97,71.66666666666667,215,42.64705882352941
S1372,80,84,96,86.66666666666667,260,20.0
S1373,73,96,67,78.66666666666667,236,-8.21917808219178
S1374,53,54,50,52.333333333333336,157,-5.660377358490567
S1375,91,82,83,85.33333333333333,256,-8.791208791208792
S1376,70,64,64,66.0,198,-8.571428571428571
S1377,47,67,89,67.66666666666667,203,89.36170212765957
S1378,69,64,92,75.0,225,33.33333333333333
S1379,66,73,59,66.0,198,-10.606060606060606
S1380,79,48,94,73.66666666666667,221,18.9873417721519
S1381,46,73,96,71.66666666666667,215,108.69565217391303
S1382,77,74,90,80.33333333333333,241,16.883116883116884
S1383,56,82,86,74.66666666666667,224,53.57142857142857
S1384,48,48,81,59.0,177,68.75
S1385,76,64,90,76.66666666666667,230,18.421052631578945
S1386,92,72,74,79.33333333333333,238,-19.565217391304348
S1387,87,70,64,73.66666666666667,221,-26.436781609195403
S1388,84,93,52,76.33333333333333,229,-38.095238095238095
S1389,55,93,71,73.0,219,29.09090909090909
S1390,81,63,82,75.33333333333333,226,1.2345679012345678
S1391,55,48,75,59.333333333333336,178,36.36363636363637
S1392,94,69,84,82.33333333333333,247,-10.638297872340425
S1393,93,60,91,81.33333333333333,244,-2.1505376344086025
S1394,53,48,88,63.0,189,66.0377358490566
S1395,54,64,86,68.0,204,59.25925925925925
S1396,66,73,73,70.66666666666667,212,10.606060606060606
S1397,58,62,96,72.0,216,65.51724137931035
S1398,81,92,82,85.0,255,1.2345679012345678
S1399,74,65,63,67.33333333333333,202,-14.864864864864865
S1400,76,59,93,76.0,228,22.36842105263158
S1401,95,79,58,77.33333333333333,232,-38.94736842105263
S1402,65,81,71,72.33333333333333,217,9.230769230769232
S1403,95,48,85,76.0,228,-10.526315789473683
S1404,69,73,80,74.0,222,15.942028985507244
S1405,51,80,66,65.66666666666667,197,29.411764705882355
S1406,76,85,84,81.66666666666667,245,10.526315789473683
S1407,72,86,73,77.0,231,1.3888888888888888
S1408,51,71,57,59.666666666666664,179,11.76470588235294
S1409,47,63,95,68.33333333333333,205,102.12765957446808
S1410,94,55,87,78.66666666666667,236,-7.446808510638298
S1411,50,63,92,68.33333333333333,205,84.0
S1412,80,84,96,86.66666666666667,260,20.0
S1413,83,64,65,70.66666666666667,212,-21.686746987951807
S1414,59,74,91,74.66666666666667,224,54.23728813559322
S1415,68,65,70,67.66666666666667,203,2.941176470588235
S1416,70,73,98,80.33333333333333,241,40.0
S1417,47,91,65,67.66666666666667,203,38.297872340425535
S1418,91,75,75,80.33333333333333,241,-17.582417582417584
S1419,58,85,75,72.66666666666667,218,29.310344827586203
S1420,90,66,77,77.66666666666667,233,-14.444444444444443
S1421,81,85,88,84.66666666666667,254,8.641975308641975
S1422,68,63,70,67.0,201,2.941176470588235
S1423,59,90,86,78.33333333333333,235,45.76271186440678
S1424,90,82,59,77.0,231,-34.44444444444444
S1425,72,51,68,63.666666666666664,191,-5.555555555555555
S1426,76,55,74,68.33333333333333,205,-2.631578947368421
S1427,77,66,75,72.66666666666667,218,-2.5974025974025974
S1428,89,48,81,72.66666666666667,218,-8.98876404494382
S1429,82,73,74,76.33333333333333,229,-9.75609756097561
S1430,88,82,96,88.66666666666667,266,9.090909090909092
S1431,72,67,67,68.66666666666667,206,-6.944444444444445
S1432,49,52,59,53.333333333333336,160,20.408163265306122
S1433,59,54,97,70.0,210,64.40677966101694
S1434,93,80,57,76.66666666666667,230,-38.70967741935484
S1435,62,89,70,73.66666666666667,221,12.903225806451612
S1436,81,50,51,60.666666666666664,182,-37.03703703703704
S1437,87,59,52,66.0,198,-40.229885057471265
S1438,91,63,98,84.0,252,7.6923076923076925
S1439,86,86,62,78.0,234,-27.906976744186046
S1440,50,71,91,70.66666666666667,212,82.0
S1441,46,88,71,68.33333333333333,205,54.347826086956516
S1442,86,50,95,77.0,231,10.465116279069768
S1443,89,62,63,71.33333333333333,214,-29.213483146067414
S1444,90,86,78,84.66666666666667,254,-13.333333333333334
S1445,77,85,50,70.66666666666667,212,-35.064935064935064
S1446,79,50,60,63.0,189,-24.050632911392405
S1447,73,96,52,73.66666666666667,221,-28.767123287671232
S1448,71,93,79,81.0,243,11.267605633802818
S1449,90,73,63,75.33333333333333,226,-30.0
S1450,53,97,82,77.33333333333333,232,54.71698113207547
S1451,76,68,66,70.0,210,-13.157894736842104
S1452,95,93,82,90.0,270,-13.684210526315791
S1453,67,83,64,71.33333333333333,214,-4.477611940298507
S1454,70,79,97,82.0,246,38.57142857142858
S1455,67,66,86,73.0,219,28.35820895522388
S1456,51,82,58,63.666666666666664,191,13.725490196078432
S1457,46,51,80,59.0,177,73.91304347826086
S1458,86,87,57,76.66666666666667,230,-33.72093023255814
S1459,48,56,57,53.666666666666664,161,18.75
S1460,86,83,58,75.66666666666667,227,-32.55813953488372
S1461,46,56,92,64.66666666666667,194,100.0
S1462,81,70,98,83.0,249,20.98765432098765
S1463,95,65,69,76.33333333333333,229,-27.368421052631582
S1464,89,57,51,65.66666666666667,197,-42.69662921348314
S1465,78,60,59,65.66666666666667,197,-24.358974358974358
S1466,60,92,94,82.0,246,56.666666666666664
S1467,55,52,63,56.666666666666664,170,14.545454545454545
S1468,49,48,73,56.666666666666664,170,48.97959183673469
S1469,77,51,50,59.333333333333336,178,-35.064935064935064
S1470,51,79,89,73.0,219,74.50980392156863
S1471,52,56,65,57.666666666666664,173,25.0
S1472,71,82,70,74.33333333333333,223,-1.4084507042253522
S1473,95,66,87,82.66666666666667,248,-8.421052631578947
S1474,56,95,92,81.0,243,64.28571428571429
S1475,62,97,94,84.33333333333333,253,51.61290322580645
S1476,91,88,55,78.0,234,-39.56043956043956
S1477,45,55,75,58.333333333333336,175,66.66666666666666
S1478,94,55,86,78.33333333333333,235,-8.51063829787234
S1479,48,66,69,61.0,183,43.75
S1480,62,66,72,66.66666666666667,200,16.129032258064516
S1481,94,55,90,79.66666666666667,239,-4.25531914893617
S1482,92,76,70,79.33333333333333,238,-23.91304347826087
S1483,89,90,92,90.33333333333333,271,3.3707865168539324
S1484,64,62,90,72.0,216,40.625
S1485,81,49,50,60.0,180,-38.2716049382716
S1486,92,89,55,78.66666666666667,236,-40.21739130434783
S1487,64,66,94,74.66666666666667,224,46.875
S1488,58,93,73,74.66666666666667,224,25.862068965517242
S1489,79,79,99,85.66666666666667,257,25.31645569620253
S1490,64,83,66,71.0,213,3.125
S1491,66,64,81,70.33333333333333,211,22.727272727272727
S1492,95,82,55,77.33333333333333,232,-42.10526315789473
S1493,91,76,70,79.0,237,-23.076923076923077
S1494,87,53,63,67.66666666666667,203,-27.586206896551722
S1495,85,49,66,66.66666666666667,200,-22.35294117647059
S1496,92,93,78,87.66666666666667,263,-15.217391304347828
S1497,67,78,67,70.66666666666667,212,0.0
S1498,59,48,96,67.66666666666667,203,62.71186440677966
S1499,76,69,98,81.0,243,28.947368421052634
S1500,49,79,81,69.66666666666667,209,65.3061224489796
